step,time,projection_residual,alpha_norm,projected_drift_rms,basis_seconds,solve_seconds,update_seconds
0,0.0,0.038783084601163864,149.50218200683594,0.6458138823509216,0.49059320900050807,0.0053967080002621515,0.0009659999996074475
1,0.01,0.044024910777807236,157.8217010498047,0.6319414377212524,0.006480000000010477,0.003059833001316292,3.091699909418821e-05
2,0.02,0.05051960051059723,160.70506286621094,0.6182309985160828,0.006139709001217852,0.0033935829997062683,3.79169996449491e-05
3,0.03,0.05756743997335434,157.47454833984375,0.6046329140663147,0.00578874999882828,0.0029975410016049864,3.5999999454361387e-05
4,0.04,0.07061491906642914,148.3348388671875,0.5908885598182678,0.006321999999272521,0.003226125001674518,3.658299829112366e-05
5,0.05,0.07804080843925476,140.73025512695312,0.5775443315505981,0.005805666000014753,0.0032082499983516755,3.5000000934815034e-05
6,0.06,0.08577951043844223,134.1175994873047,0.5642908811569214,0.006131665999419056,0.0030225000009522773,2.9499999072868377e-05
7,0.07,0.09382075816392899,128.89431762695312,0.5511428117752075,0.0054885829995328095,0.003342750000228989,3.641700095613487e-05
8,0.08,0.1021261215209961,124.9316635131836,0.5381232500076294,0.0072701249991951045,0.003162834000249859,3.554099930624943e-05
9,0.09,0.11064007133245468,121.96168518066406,0.5252453088760376,0.006191333999595372,0.0033615409993217327,3.4500000765547156e-05
10,0.1,0.11930273473262787,119.7334976196289,0.512525200843811,0.005647042000418878,0.0030170409991114866,3.5667000702233054e-05
11,0.11,0.1280526965856552,118.05581665039062,0.4999828338623047,0.005557959000725532,0.003312708000521525,2.725000013015233e-05
12,0.12,0.13826408982276917,115.73162078857422,0.4875316619873047,0.005489875000421307,0.003349291000631638,4.57499991171062e-05
13,0.13,0.14731262624263763,114.5788345336914,0.475386381149292,0.006555291000040597,0.0030699170001753373,3.362499955983367e-05
14,0.14,0.1564618945121765,113.62186431884766,0.46345460414886475,0.0059521250004763715,0.0031288329992094077,3.0082999728620052e-05
15,0.15,0.1657082736492157,112.7939682006836,0.45174241065979004,0.006001375000778353,0.003095209000093746,3.2500000088475645e-05
16,0.16,0.17503990232944489,112.04524993896484,0.4402594566345215,0.006468666999353445,0.0033715420013322728,3.341599949635565e-05
17,0.17,0.18445584177970886,111.34475708007812,0.42901411652565,0.0057272920003015315,0.0029855829998268746,3.095899955951609e-05
18,0.18,0.1796409785747528,121.170166015625,0.4191620349884033,0.005552667000301881,0.003335542000058922,3.308300074422732e-05
19,0.19,0.18529336154460907,121.77007293701172,0.40845775604248047,0.005223207999733859,0.003186249999998836,2.933400173787959e-05
20,0.2,0.19052903354167938,122.33416748046875,0.398001104593277,0.005988666998746339,0.00318650000008347,3.279200063843746e-05
21,0.21,0.19541701674461365,122.81127166748047,0.38779205083847046,0.005436207999082399,0.003220709000743227,3.262499922129791e-05
22,0.22,0.20001813769340515,123.17063903808594,0.37782302498817444,0.00593391700022039,0.003111665999313118,3.01670006592758e-05
23,0.23,0.2043769210577011,123.40208435058594,0.36809656023979187,0.0054359999994630925,0.0031092499993974343,2.8541000574477948e-05
24,0.24,0.20853683352470398,123.50184631347656,0.35860708355903625,0.006960459000765695,0.0030977080004959134,3.4374999813735485e-05
25,0.25,0.2125200480222702,123.48772430419922,0.3493611514568329,0.00605054200059385,0.0036233749997336417,3.670799924293533e-05
26,0.26,0.2163480520248413,123.37818908691406,0.34035202860832214,0.00575458300045284,0.0030085840007814113,3.183299850206822e-05
27,0.27,0.22004099190235138,123.18524169921875,0.3315780758857727,0.005533416000616853,0.0030399589995795395,3.2500000088475645e-05
28,0.28,0.22361621260643005,122.92236328125,0.32303476333618164,0.00526062499920954,0.003027834000022267,3.24159991578199e-05
29,0.29,0.22711464762687683,122.58111572265625,0.31471875309944153,0.005625833999147289,0.0032400000000052387,3.1000001399661414e-05
30,0.3,0.23053880035877228,122.18480682373047,0.3066233694553375,0.005306832999849576,0.003261124998971354,3.1167000997811556e-05
31,0.31,0.2339015156030655,121.75005340576172,0.29875046014785767,0.005852207999851089,0.003113750000920845,3.8374999348889105e-05
32,0.32,0.23722103238105774,121.2787094116211,0.29109323024749756,0.0054196250002860324,0.003198917000190704,2.887499977077823e-05
33,0.33,0.2405259907245636,120.7708969116211,0.2836402356624603,0.005674625001120148,0.003034542000023066,2.4166000002878718e-05
34,0.34,0.24382247030735016,120.23690032958984,0.2763945460319519,0.005556457999773556,0.003098917000897927,3.283299884060398e-05
35,0.35000000000000003,0.24712374806404114,119.68365478515625,0.26934996247291565,0.005658750000293367,0.003034957999261678,2.9667000490007922e-05
36,0.36,0.25044459104537964,119.11307525634766,0.26249879598617554,0.005540041000131168,0.0030362920006155036,2.725000013015233e-05
37,0.37,0.25379759073257446,118.5278091430664,0.25583598017692566,0.005463875000714324,0.0030139160007820465,2.9749999157502316e-05
38,0.38,0.2571941316127777,117.93312072753906,0.24936188757419586,0.00561800000104995,0.003044332999706967,8.32919995445991e-05
39,0.39,0.2606499195098877,117.326416015625,0.24306446313858032,0.006032999999661115,0.003025709000212373,3.179099985572975e-05
40,0.4,0.26417630910873413,116.7071762084961,0.23694676160812378,0.005732375000661705,0.003160041000228375,3.312499939056579e-05
41,0.41000000000000003,0.26778367161750793,116.08265686035156,0.2309950590133667,0.0049176249995070975,0.003026915999726043,2.9625000024680048e-05
42,0.42,0.27147531509399414,115.4548110961914,0.2252127081155777,0.005229207999946084,0.0031565830013278173,3.191699943272397e-05
43,0.43,0.27526530623435974,114.82354736328125,0.21959245204925537,0.005441540999527206,0.0030047920008655638,3.220799953851383e-05
44,0.44,0.279155433177948,114.19233703613281,0.21413488686084747,0.006240124999749241,0.0033007090005412465,3.262499922129791e-05
45,0.45,0.2831540107727051,113.56127166748047,0.20882920920848846,0.005661458999384195,0.0031930410004861187,3.229200046916958e-05
46,0.46,0.28726688027381897,112.93083953857422,0.20367193222045898,0.00617574999887438,0.0030791660010436317,2.8000000384054147e-05
47,0.47000000000000003,0.2914980351924896,112.30167388916016,0.19866430759429932,0.005458833000375307,0.0032138749993464444,3.429200114624109e-05
48,0.48,0.295847088098526,111.67698669433594,0.19379980862140656,0.006128791999799432,0.0031381249991682125,2.829100048984401e-05
49,0.49,0.3003213405609131,111.05364227294922,0.1890774369239807,0.0053800420009793015,0.0029852919997210847,2.9415999961202033e-05
50,0.5,0.38461965322494507,83.67174530029297,0.17880946397781372,0.006363042000884889,0.0031094999994820682,3.1583000236423686e-05
51,0.51,0.3123984634876251,110.0838623046875,0.18074853718280792,0.00557012500030396,0.0035505409996403614,3.29590002365876e-05
52,0.52,0.31724813580513,109.42754364013672,0.1763828992843628,0.005313416000717552,0.0030396250003832392,3.074999949603807e-05
53,0.53,0.32222434878349304,108.78218841552734,0.17214621603488922,0.005982832999507082,0.0035991250006190967,3.537500015227124e-05
54,0.54,0.41530919075012207,80.71785736083984,0.1617649793624878,0.005489208999279072,0.003052875001230859,3.487499998300336e-05
55,0.55,0.33567142486572266,107.7124252319336,0.16477034986019135,0.0064491659995837836,0.003040083998712362,3.0750001315027475e-05
56,0.56,0.3409816324710846,107.06498718261719,0.16085699200630188,0.005545791998883942,0.003153540999846882,2.9667000490007922e-05
57,0.5700000000000001,0.3464142978191376,106.4235610961914,0.1570591777563095,0.006047708000551211,0.003105166999375797,3.212500087101944e-05
58,0.58,0.4464198052883148,77.88934326171875,0.1466306895017624,0.005684750000000349,0.003102000000581029,3.191599898855202e-05
59,0.59,0.3610081672668457,105.33531188964844,0.15054477751255035,0.0058077080011571525,0.003062041998418863,2.8875001589767635e-05
60,0.6,0.3667243421077728,104.69617462158203,0.147039994597435,0.006118625000453903,0.0034281660009582993,3.095899955951609e-05
61,0.61,0.471816748380661,75.84434509277344,0.13647346198558807,0.0053019169990875525,0.0033357910015183734,3.087499862886034e-05
62,0.62,0.3820760250091553,103.57470703125,0.14108851552009583,0.007026667000900488,0.0032424170003650943,3.4249998861923814e-05
63,0.63,0.3880354166030884,102.94649505615234,0.13785243034362793,0.005557833001148538,0.00319850000050792,3.62089995178394e-05
64,0.64,0.4970764219760895,73.85730743408203,0.12719053030014038,0.006097624998801621,0.003023791001396603,2.8458998713176697e-05
65,0.65,0.4039405286312103,101.83551025390625,0.1324228197336197,0.005502207999597886,0.003127624999251566,2.85420010186499e-05
66,0.66,0.5168527960777283,72.52837371826172,0.1214967891573906,0.005354332999559119,0.0030693749995407416,2.658400080690626e-05
67,0.67,0.42011088132858276,100.72639465332031,0.1272953301668167,0.005987374999676831,0.002999166999870795,2.9458000426529907e-05
68,0.68,0.42629772424697876,100.1327896118164,0.12445884197950363,0.0065324999995937105,0.0033014580003509764,2.8667000151472166e-05
69,0.6900000000000001,0.5413793325424194,70.6595458984375,0.1134977787733078,0.006151375000627013,0.0031045420000737067,3.241699960199185e-05
70,0.7000000000000001,0.4426405131816864,99.00455474853516,0.11977607756853104,0.005718083999454393,0.0031009579997771652,3.149999974993989e-05
71,0.71,0.5605297684669495,69.36284637451172,0.10857493430376053,0.01034987500133866,0.0037986659990565386,5.491699994308874e-05
72,0.72,0.45905962586402893,97.88973236083984,0.11535101383924484,0.007077208001646795,0.0030587089986511273,3.5958000808022916e-05
73,0.73,0.5793816447257996,68.0785140991211,0.10392022132873535,0.005616791000647936,0.003002124998602085,3.3292000807705335e-05
74,0.74,0.4754802882671356,96.78909301757812,0.11116953194141388,0.006449083999541472,0.003109166000285768,3.441700027906336e-05
75,0.75,0.4816870391368866,96.24552917480469,0.10879480838775635,0.005888042000151472,0.0031902499995339895,3.3082998925237916e-05
76,0.76,0.601727306842804,66.37407684326172,0.0974462479352951,0.007048958001178107,0.003327832999275415,3.279200063843746e-05
77,0.77,0.4979676902294159,95.18109893798828,0.10497710853815079,0.0058663749987317715,0.003456207999988692,4.3542000639718026e-05
78,0.78,0.619552731513977,65.14669036865234,0.09342397749423981,0.0053360410001914715,0.003030333999049617,3.1000001399661414e-05
79,0.79,0.5140809416770935,94.13215637207031,0.10136563330888748,0.005940875000305823,0.00332075000005716,3.754199860850349e-05
80,0.8,0.636875331401825,63.92710494995117,0.08961686491966248,0.0052612500003306195,0.003274000000601518,3.566699888324365e-05
81,0.81,0.5300159454345703,93.0804443359375,0.09794069081544876,0.005855833000168786,0.0030597080003644805,3.208399903087411e-05
82,0.8200000000000001,0.6536426544189453,62.71848678588867,0.08601347357034683,0.005251458000202547,0.0030425419990933733,3.124999966530595e-05
83,0.8300000000000001,0.5456394553184509,92.03972625732422,0.09469684958457947,0.0055756670008122455,0.0030554999993910315,2.6375000743428245e-05
84,0.84,0.669788122177124,61.5240592956543,0.08260248601436615,0.005331958000169834,0.0031918329987092875,3.3042000723071396e-05
85,0.85,0.560933530330658,91.01659393310547,0.09162387996912003,0.005793624999569147,0.0031514170004811604,3.295799979241565e-05
86,0.86,0.6853007078170776,60.34870147705078,0.07937700301408768,0.006021875000442378,0.0030921670004318003,3.0082999728620052e-05
87,0.87,0.5758515000343323,90.00615692138672,0.08870846778154373,0.00588712500029942,0.0030564579992642393,3.320799987704959e-05
88,0.88,0.7001572251319885,59.191715240478516,0.07632474601268768,0.005942416999459965,0.0034047080007439945,4.2084000597242266e-05
89,0.89,0.7130218744277954,58.22660827636719,0.07465682178735733,0.005249708001429099,0.002973874999952386,2.858299922081642e-05
90,0.9,0.5992221832275391,88.4542236328125,0.08493904024362564,0.005652625000948319,0.0031571249983244343,3.2625001040287316e-05
91,0.91,0.7267895936965942,57.09305191040039,0.07182598859071732,0.005454624999401858,0.0030748330009373603,2.741699972830247e-05
92,0.92,0.6130165457725525,87.4601821899414,0.0823555514216423,0.005430791999970097,0.003462374999799067,2.725000013015233e-05
93,0.93,0.7398067116737366,55.97223663330078,0.06915335357189178,0.005658083999151131,0.003108541000983678,3.2500000088475645e-05
94,0.9400000000000001,0.6263479590415955,86.46936798095703,0.07989761233329773,0.006188707999172038,0.003022542001417605,2.95409990940243e-05
95,0.9500000000000001,0.7520652413368225,54.8724250793457,0.06663236767053604,0.005588791000263882,0.0032127920003404142,3.604199991968926e-05
96,0.96,0.6392200589179993,85.49268341064453,0.07755936682224274,0.006065417001082096,0.002989458000229206,3.166699934809003e-05
97,0.97,0.7636367082595825,53.80040740966797,0.0642533153295517,0.005511167000804562,0.00333695799963607,3.325000034237746e-05
98,0.98,0.7747689485549927,52.71728515625,0.06279050558805466,0.006711124999128515,0.002981416000693571,2.8541999199660495e-05
99,0.99,0.6591237783432007,83.90501403808594,0.07455073297023773,0.005733957999837003,0.00320287499926053,3.345900040585548e-05
